<?xml version="1.0" encoding="UTF-8"?>
<component> 
	<code>sdzyccjgycjgltj</code>  
	<name>sdzyccjgycjgltj</name>  
	<alias>粗加工药材加工量统计</alias>  
	<version>1.0</version>  
	<type>1</type>  
	<views>coral40</views>  
	<url>sdzyccjgycjgltj/sdzyccjgycjgltj.jsp</url>  
	<package_time>2016-06-16 11:08:43</package_time>  
	<system_parameters> 
		<system_parameter> 
			<name>sysParam</name>  
			<remark/> 
		</system_parameter> 
	</system_parameters>  
	<self_parameters> 
		<self_parameter> 
			<name>sysParam</name>  
			<type>0</type>  
			<text/>  
			<value/>  
			<remark/> 
		</self_parameter> 
	</self_parameters>  
	<input_parameters> 
		<input_parameter> 
			<name>inputParam</name>  
			<value/>  
			<remark/> 
		</input_parameter> 
	</input_parameters>  
	<output_parameters> 
		<output_parameter> 
			<name>outputParam</name>  
			<remark/> 
		</output_parameter> 
	</output_parameters>  
	<remark/> 
</component>
